index,l,a,b,de,en,fr,es,it,nl,ral,hex,de_short,en_short,fr_short
1,76.02,-0.37,27.64,Grünbeige,Green beige,Beige vert,Beige verdoso,Beige verdastro,Groenbeige,RAL 1000,#BEBD7F,beige,beige,beige
2,74.99,5.1,24.64,Beige,Beige,Beige,Beige,Beige,Beige,RAL 1001,#C2B078,beige,beige,beige
3,73.45,6.83,33.8,Sandgelb,Sand yellow,Jaune sable,Amarillo arena,Giallo sabbia,Zandgeel,RAL 1002,#C6A664,gelb,yellow,jaune
4,75.99,18.8,72.93,Signalgelb,Signal yellow,Jaune de sécurité,Amarillo señales,Giallo segnale,Signaalgeel,RAL 1003,#E5BE01,gelb,yellow,jaune
5,71.42,15.28,69.28,Goldgelb,Golden yellow,Jaune or,Amarillo oro,Giallo oro,Goudgeel,RAL 1004,#CDA434,gelb,yellow,jaune
6,65.65,12.3,61.9,Honiggelb,Honey yellow,Jaune miel,Amarillo miel,Giallo miele,Honinggeel,RAL 1005,#A98307,gelb,yellow,jaune
7,68.2,21.13,65.98,Maisgelb,Maize yellow,Jaune maïs,Amarillo maiz,Giallo polenta,Maisgeel,RAL 1006,#E4A010,gelb,yellow,jaune
8,68.38,25.44,67.13,Narzissengelb,Daffodil yellow,Jaune narcisse,Amarillo narciso,Giallo narciso,Narcissengeel,RAL 1007,#DC9D00,gelb,yellow,jaune
9,59.92,11.35,29.17,Braunbeige,Brown beige,Beige brun,Beige pardo,Beige marrone,Bruinbeige,RAL 1011,#8A6642,gelb,yellow,jaune
10,75.04,4.64,61.31,Zitronengelb,Lemon yellow,Jaune citron,Amarillo limón,Giallo limone,Citroengeel,RAL 1012,#C7B446,gelb,yellow,jaune
11,88.13,0.19,9.67,Perlweiß,Oyster white,Blanc perlé,Blanco perla,Bianco perla,Parelwit,RAL 1013,#EAE6CA,gelb,yellow,jaune
12,81.22,2.47,22.88,Elfenbein,Ivory,Ivoire,Marfil,Avorio,Ivoorkleurig,RAL 1014,#E1CC4F,gelb,yellow,jaune
13,86.4,2.06,15.48,Hellelfenbein,Light ivory,Ivoire clair,Marfil claro,Avorio chiaro,Licht ivoorkleurig,RAL 1015,#E6D690,gelb,yellow,jaune
14,88.37,-9.78,71.3,Schwefelgelb,Sulfur yellow,Jaune soufre,Amarillo azufre,Giallo zolfo,Zwavelgeel,RAL 1016,#EDFF21,gelb,yellow,jaune
15,76.32,19.37,51.02,Safrangelb,Saffron yellow,Jaune safran,Amarillo azafrán,Giallo zafferano,Saffraangeel,RAL 1017,#F5D033,gelb,yellow,jaune
16,84.83,3.05,69.19,Zinkgelb,Zinc yellow,Jaune zinc,Amarillo de zinc,Giallo zinco,Zinkgeel,RAL 1018,#F8F32B,gelb,yellow,jaune
17,62.62,4.31,12.94,Graubeige,Grey beige,Beige gris,Beige agrisado,Beige grigiastro,Grijsbeige,RAL 1019,#9E9764,gelb,yellow,jaune
18,61.98,0.39,23.18,Olivgelb,Olive yellow,Jaune olive,Amarillo oliva,Giallo olivastro,Olijfgeel,RAL 1020,#999950,gelb,yellow,jaune
19,78.88,10.03,82.04,Rapsgelb,Rape yellow,Jaune colza,Amarillo colza,Giallo navone,Koolzaadgeel,RAL 1021,#F3DA0B,gelb,yellow,jaune
20,79.07,10.46,80.5,Verkehrsgelb,Traffic yellow,Jaune signalisation,Amarillo tráfico,Giallo traffico,Verkeersgeel,RAL 1023,#FAD201,gelb,yellow,jaune
21,64.2,7.95,36.66,Ockergelb,Ochre yellow,Jaune ocre,Amarillo ocre,Giallo ocra,Okergeel,RAL 1024,#AEA04B,gelb,yellow,jaune
22,95.36,-21.56,120.18,Leuchtgelb,Luminous yellow,Jaune brillant,Amarillo brillante,Giallo brillante,Briljantgeel,RAL 1026,##FFFF00,gelb,yellow,jaune
23,58.15,5.83,47.68,Currygelb,Curry,Jaune curry,Amarillo curry,Giallo curry,Kerriegeel,RAL 1027,#9D9101,gelb,yellow,jaune
24,74.97,29.64,79.69,Melonengelb,Melon yellow,Jaune melon,Amarillo melón,Giallo melone,Meloengeel,RAL 1028,#F4A900,gelb,yellow,jaune
25,72.32,12.16,66.97,Ginstergelb,Broom yellow,Jaune genêt,Amarillo retama,Giallo scopa,Bremgeel,RAL 1032,#D6AE01,gelb,yellow,jaune
26,73.2,26.5,63.47,Dahliengelb,Dahlia yellow,Jaune dahlia,Amarillo dalia,Giallo dahlien,Dahliageel,RAL 1033,#F3A505,gelb,yellow,jaune
27,72.73,21.4,45.09,Pastellgelb,Pastel yellow,Jaune pastel,Amarillo pastel,Giallo pastello,Pastelgeel,RAL 1034,#EFA94A,gelb,yellow,jaune
28,54.79,0.35,11.86,Perlbeige,Pearl beige,Beige nacré,Beige perlado,Beige perlato,Parelmoergrijs,RAL 1035,#6A5D4D,gelb,yellow,jaune
29,48.95,4.77,26.69,Perlgold,Pearl gold,Or nacré,Oro perlado,Oro perlato,Parelmoergoud,RAL 1036,#705335,gelb,yellow,jaune
30,70.28,26.19,64.79,Sonnengelb,Sun yellow,Jaune soleil,Amarillo sol,Giallo sole,Zonnegeel,RAL 1037,#F39F18,gelb,yellow,jaune
31,60.35,34.64,54.65,Gelborange,Yellow orange,Orangé jaune,Amarillo naranja,Arancio giallastro,Geeloranje,RAL 2000,#ED760E,orange,orange,orange
32,49.41,39.79,35.29,Rotorange,Red orange,Orangé rouge,Rojo anaranjado,Arancio rossastro,Roodoranje,RAL 2001,#C93C20,orange,orange,orange
33,47.74,47.87,33.73,Blutorange,Vermilion,Orangé sang,Naranja sanguineo,Arancio sanguigno,Vermiljoen,RAL 2002,#CB2821,orange,orange,orange
34,66.02,41.22,52.36,Pastellorange,Pastel orange,Orangé pastel,Naranja pálido,Arancio pastello,Pasteloranje,RAL 2003,#FF7514,orange,orange,orange
35,56.89,50.34,49.81,Reinorange,Pure orange,Orangé pur,Naranja puro,Arancio puro,Zuiver oranje,RAL 2004,#F44611,orange,orange,orange
36,62.26,87.83,94.26,Leuchtorange,Luminous orange,Orangé brillant,Naranja brillante,Arancio brillante,Briljant oranje,RAL 2005,#FF2301,orange,orange,orange
37,76.86,47.87,97.63,Leuchthellorange,Luminous bright orange,Orangé clair rillant,Naranja claro brillante,Arancio chiaro brillante,Briljant lichtoranje,RAL 2007,#FFA420,orange,orange,orange
38,61.99,44.64,51.72,Hellrotorange,Bright red orange,Orangé rouge clair,Rojo claro anaranjado,Rosso arancio chiaro,Licht roodoranje,RAL 2008,#F75E25,orange,orange,orange
39,55.83,47.79,48.83,Verkehrsorange,Traffic orange,Orangé signalisation,Naranja tráfico,Arancio traffico,Verkeersoranje,RAL 2009,#F54021,orange,orange,orange
40,55.39,40.1,42.42,Signalorange,Signal orange,Orangé de sécurité,Naranja señales,Arancio segnale,Signaaloranje,RAL 2010,#D84B20,orange,orange,orange
41,61.76,38.16,52.39,Tieforange,Deep orange,Orangé foncé,Naranja intenso,Arancio profondo,Dieporanje,RAL 2011,#EC7C26,orange,orange,orange
42,57.75,40.28,30.66,Lachsorange,Salmon range,Orangé saumon,Naranja salmón,Arancio salmone,Zalmoranje,RAL 2012,#E55137,orange,orange,orange
43,40.73,32.14,34.92,Perlorange,Pearl orange,Orangé nacré,Naranja perlado,Arancio perlato,Parelmoeroranje,RAL 2013,#C35831,orange,orange,orange
44,42.4,43.24,25,Feuerrot,Flame red,Rouge feu,Rojo vivo,Rosso fuoco,Vuurrood,RAL 3000,#AF2B1E,rot,red,rouge
45,40.19,41.21,21.6,Signalrot,Signal red,Rouge de sécurité,Rojo señales,Rosso  segnale,Signaalrood,RAL 3001,#A52019,rot,red,rouge
46,39.82,41.84,22.04,Karminrot,Carmine red,Rouge carmin,Rojo carmin,Rosso carminio,Karmijnrood,RAL 3002,#A2231D,rot,red,rouge
47,35.59,35.87,15.75,Rubinrot,Ruby red,Rouge rubis,Rojo rubí,Rosso rubino,Robijnrood,RAL 3003,#9B111E,rot,red,rouge
48,33.05,25.61,9.02,Purpurrot,Purple red,Rouge pourpre,Rojo purpura,Rosso porpora,Purperrood,RAL 3004,#75151E,rot,red,rouge
49,30.96,18.46,5.76,Weinrot,Wine red,Rouge vin,Rojo vino,Rosso vino,Wijnrood,RAL 3005,#5E2129,rot,red,rouge
50,28.34,8.14,2.22,Schwarzrot,Black red,Rouge noir,Rojo negruzco,Rosso nerastro,Zwartrood,RAL 3007,#412227,rot,red,rouge
51,35.05,19.93,11.53,Oxidrot,Oxide red,Rouge oxyde,Rojo óxido,Rosso  ossido,Oxyderood,RAL 3009,#642424,rot,red,rouge
52,34.52,28.66,13.44,Braunrot,Brown red,Rouge brun,Rojo pardo,Rosso marrone,Bruinrood,RAL 3011,#781F19,rot,red,rouge
53,63.81,20.79,20.45,Beigerot,Beige red,Rouge beige,Rojo beige,Rosso beige,Beigerood,RAL 3012,#C1876B,rot,red,rouge
54,40.7,36.67,21.37,Tomatenrot,Tomato red,Rouge tomate,Rojo tomate,Rosso pomodoro,Tomaatrood,RAL 3013,#A12312,rot,red,rouge
55,60.17,32.49,12.58,Altrosa,Antique pink,Vieux rose,Rojo viejo,Rosa antico,Oudroze,RAL 3014,#D36E70,rosa,pink,rose
56,72.73,20.48,3.96,Hellrosa,Light pink,Rose clair,Rosa claro,Rosa chiaro,Lichtroze,RAL 3015,#EA899A,rosa,pink,rose
57,44.7,37.92,23.96,Korallenrot,Coral red,Rouge corail,Rojo coral,Rosso corallo,Koraalrood,RAL 3016,#B32821,rot,red,rouge
58,54.24,44.26,16.87,Rosé,Rose,Rosé,Rosa,Rosato,Bleekrood,RAL 3017,#E63244,rot,red,rouge
59,50.77,49.15,19.86,Erdbeerrot,Strawberry red,Rouge fraise,Rojo fresa,Rosso fragola,Aardbeirood,RAL 3018,#D53032,rot,red,rouge
60,44.66,52.03,32.26,Verkehrsrot,Traffic red,Rouge signalisation,Rojo tráfico,Rosso traffico,Verkeersrood,RAL 3020,#CC0605,rot,red,rouge
61,58.1,36.44,27.34,Lachsrot,Salmon pink,Rouge saumon,Rojo salmón,Rosso salmone,Zalmrood,RAL 3022,#D95030,rot,red,rouge
62,51.32,82.52,71.62,Leuchtrot,Luminous red,Rouge brillant,Rojo brillante,Rosso brillante,Briljantrood,RAL 3024,#F80000,rot,red,rouge
63,54.38,86.26,76.07,Leuchthellrot,Luminous bright red,Rouge clair brillant,Rojo claro brillante,Rosso chiaro brillante,Briljant lichtrood,RAL 3026,#FE0000,rot,red,rouge
64,43.07,46.96,15.81,Himbeerrot,Raspberry red,Rouge framboise,Rojo frambuesa,Rosso lampone,Framboosrood,RAL 3027,#C51D34,rot,red,rouge
65,48.8,54.42,33.08,Reinrot,Pure  red,Rouge puro,Rojo puro,Rosso puro,Zuiverrood,RAL 3028,#XXXXXX,rot,red,rouge
66,43.87,41.37,18.33,Orientrot,Orient red,Rouge oriental,Rojo oriente,Rosso oriente,Oriëntrood,RAL 3031,#B32428,rot,red,rouge
67,26.88,41.34,19.4,Perlrubinrot,Pearl ruby red,Rouge rubis nacré,Rojo rubí perlado,Rosso rubino perlato,Parelmoer-donkerrood,RAL 3032,#721422,rot,red,rouge
68,44.29,45.11,28.62,Perlrosa,Pearl pink,Rose nacré,Rosa perlado,Rosa perlato,Parelmoer-lichtrood,RAL 3033,#B44C43,rosa,pink,rose
69,49.1,17.35,-12.85,Rotlila,Red lilac,Lilas rouge,Rojo lila,Lilla rossastro,Roodlila,RAL 4001,#6D3F5B,lila,purple,lilas
70,41.91,30.05,5.67,Rotviolett,Red violet,Violet rouge,Rojo violeta,Viola rossastro,Roodpaars,RAL 4002,#922B3E,violett,violet,violet
71,56.81,40.89,-5.53,Erikaviolett,Heather violet,Violet bruyère,Violeta érica,Viola erica,Heidepaars,RAL 4003,#DE4C8A,violett,violet,violet
72,32.22,24.83,0.06,Bordeauxviolett,Claret violet,Violet bordeaux,Burdeos,Viola bordeaux,Bordeauxpaars,RAL 4004,#641C34,violett,violet,violet
73,50.92,15.38,-23.06,Blaulila,Blue lilac,Lilas bleu,Lila azulado,Lilla bluastro,Blauwlila,RAL 4005,#6C4675,violett,violet,violet
74,42.38,39.48,-14.94,Verkehrspurpur,Traffic purple,Pourpre signalisation,Púrpurá tráfico,Porpora traffico,Verkeerspurper,RAL 4006,#A03472,violett,violet,violet
75,30.05,13.16,-5.1,Purpurviolett,Purple violet,Violet pourpre,Violeta púrpura,Porpora violetto,Purperviolet,RAL 4007,#4A192C,violett,violet,violet
76,44.82,29.08,-18.58,Signalviolett,Signal violet,Violet de sécurité,Violeta señales,Violetto segnale,Signaalviolet,RAL 4008,#924E7D,violett,violet,violet
77,60.59,10.38,-2.88,Pastellviolett,Pastel violet,Violet pastel,Violeta pastel,Violetto pastello,Pastelviolet,RAL 4009,#A18594,violett,violet,violet
78,50.39,48.95,-4.24,Telemagenta,Telemagenta,Telemagenta,Magenta tele,Tele Magenta,Telemagenta,RAL 4010,#CF3476,violett,violet,violet
79,47.92,18.89,-20.83,Perlviolett,Pearl violet,Violet nacré,Violeta perlado,Violetto perlato,Parelmoer-donkerviolet,RAL 4011,#8673A1,violett,violet,violet
80,46.33,7.27,-11.94,Perlbrombeer,Pearl black berry,Mûre nacré,Morado perlado,Mora perlato,Parelmoer-lichtviolet,RAL 4012,#6C6874,violett,violet,violet
81,38.3,1.9,-19.45,Violettblau,Violet blue,Bleu violet,Azul violeta,Blu violaceo,Paarsblauw,RAL 5000,#354D73,violett,violet,violet
82,35.43,-7.52,-16.65,Grünblau,Green blue,Bleu vert,Azul verdoso,Blu verdastro,Groenblauw,RAL 5001,#1F3438,blau,blue,bleu
83,33.11,8.43,-35.4,Ultramarinblau,Ultramarine blue,Bleu outremer,Azul ultramar,Blu oltremare,Ultramarijnblauw,RAL 5002,#20214F,blau,blue,bleu
84,30.53,-0.37,-16.68,Saphirblau,Saphire blue,Bleu saphir,Azul zafiro,Blu zaffiro,Saffierblauw,RAL 5003,#1D1E33,blau,blue,bleu
85,26.56,-0.19,-4.07,Schwarzblau,Black blue,Bleu noir,Azul negruzco,Blu nerastro,Zwartblauw,RAL 5004,#18171C,blau,blue,bleu
86,38.35,-5.03,-32.56,Signalblau,Signal blue,Bleu de sécurité,Azul señales,Blu segnale,Signaalblauw,RAL 5005,#1E2460,blau,blue,bleu
87,46.37,-6.24,-21.71,Brillantblau,Brillant blue,Bleu brillant,Azul brillante,Blu brillante,Briljantblauw,RAL 5007,#3E5F8A,blau,blue,bleu
88,32,-2.09,-6.07,Graublau,Grey blue,Bleu gris,Azul grisáceo,Blu grigiastro,Grijsblauw,RAL 5008,#26252D,blau,blue,bleu
89,41.22,-9.56,-18.34,Azurblau,Azure blue,Bleu azur,Azul azur,Blu  azzurro,Azuurblauw,RAL 5009,#025669,blau,blue,bleu
90,36.57,-5.81,-28.94,Enzianblau,Gentian blue,Bleu gentiane,Azul genciana,Blu  genziana,Gentiaanblauw,RAL 5010,#0E294B,blau,blue,bleu
91,28.21,-1.11,-8.72,Stahlblau,Steel blue,Bleu acier,Azul acero,Blu acciaio,Staalblauw,RAL 5011,#231A24,blau,blue,bleu
92,55.62,-13.84,-30.72,Lichtblau,Light blue,Bleu clair,Azul luminoso,Blu luce,Lichtblauw,RAL 5012,#3B83BD,blau,blue,bleu
93,29.81,1.67,-17.2,Kobaltblau,Cobalt blue,Bleu cobalt,Azul cobalto,Blu cobalto,Kobaltblauw,RAL 5013,#1E213D,blau,blue,bleu
94,53.79,-2.64,-15.59,Taubenblau,Pigeon blue,Bleu pigeon,Azul olombino,Blu colomba,Duifblauw,RAL 5014,#606E8C,blau,blue,bleu
95,51.13,-12.69,-34.21,Himmelblau,Sky blue,Bleu ciel,Azul celeste,Blu cielo,Hemelsblauw,RAL 5015,#2271B3,blau,blue,bleu
96,40.4,-10.67,-32,Verkehrsblau,Traffic blue,Bleu signalisation,Azul tráfico,Blu traffico,Verkeersblauw,RAL 5017,#063971,blau,blue,bleu
97,55.13,-27.27,-8.47,Türkisblau,Turquoise blue,Bleu turquoise,Azul turquesa,Blu turchese,Turkooisblauw,RAL 5018,#3F888F,blau,blue,bleu
98,41.18,-9.97,-25.87,Capriblau,Capri blue,Bleu capri,Azul capri,Blu capri,Capriblauw,RAL 5019,#1B5583,blau,blue,bleu
99,32.3,-13.01,-9.39,Ozeanblau,Ocean blue,Bleu océan,Azul oceano,Blu oceano,Oceaanblauw,RAL 5020,#1D334A,blau,blue,bleu
100,47.15,-29.26,-9.32,Wasserblau,Water blue,Bleu d’eau,Azul agua,Blu acqua,Waterblauw,RAL 5021,#256D7B,blau,blue,bleu
101,29.61,7.97,-21.5,Nachtblau,Night blue,Bleu nocturne,Azul noche,Blu notte,Nachtblauw,RAL 5022,#252850,blau,blue,bleu
102,47.64,-2.96,-21.18,Fernblau,Distant blue,Bleu distant,Azul lejanía,Blu distante,Verblauw,RAL 5023,#49678D,blau,blue,bleu
103,60.5,-9.53,-17.38,Pastellblau,Pastel blue,Bleu pastel,Azul pastel,Blu pastello,Pastelblauw,RAL 5024,#5D9B9B,blau,blue,bleu
104,35.93,-11.81,-16.28,Perlenzian,Pearl gentian blue,Gentiane nacré,Gencian perlado,Blu genziana perlato,Parelmoerblauw,RAL 5025,#2A6478,blau,blue,bleu
105,16,7.84,-29.1,Perlnachtblau,Pearl night blue,Bleu nuit nacré,Azul noche perlado,Blu notte perlato,Parelmoer-nachtblauw,RAL 5026,#102C54,blau,blue,bleu
106,48.7,-20.58,4.64,Patinagrün,Patina green,Vert patine,Verde patina,Verde patina,Patinagroen,RAL 6000,#316650,grün,green,vert
107,43.86,-23.57,18.31,Smaragdgrün,Emerald green,Vert émeraude,Verde esmeralda,Verde smeraldo,Smaragdgroen,RAL 6001,#287233,grün,green,vert
108,39.87,-19.39,16.95,Laubgrün,Leaf green,Vert feuillage,Verde hoja,Verde foglia,Loofgroen,RAL 6002,#2D572C,grün,green,vert
109,39.25,-4.36,10.17,Olivgrün,Olive green,Vert olive,Verde oliva,Verde oliva,Olijfgroen,RAL 6003,#424632,grün,green,vert
110,33.4,-13.17,-3.07,Blaugrün,Blue green,Vert bleu,Verde azulado,Verde bluastro,Blauwgroen,RAL 6004,#1F3A3D,grün,green,vert
111,32.26,-13.69,2.85,Moosgrün,Moss green,Vert mousse,Verde musgo,Verde muschio,Mosgroen,RAL 6005,#2F4538,grün,green,vert
112,33.04,-1.11,4.17,Grauoliv,Grey olive,Olive gris,Oliva grisáceo,Oliva grigiastro,Grijs olijfgroen,RAL 6006,#3E3B32,grün,green,vert
113,30.42,-3.85,4.77,Flaschengrün,Bottle green,Vert bouteille,Verde botella,Verde bottiglia,Flessegroen,RAL 6007,#343B29,grün,green,vert
114,29.82,-0.67,4.34,Braungrün,Brown green,Vert brun,Verde parduzco,Verde brunastro,Bruingroen,RAL 6008,#39352A,grün,green,vert
115,29.81,-5.74,3.12,Tannengrün,Fir green,Vert sapin,Verde abeto,Verde abete,Dennegroen,RAL 6009,#31372B,grün,green,vert
116,46.05,-20.46,22.24,Grasgrün,Grass green,Vert herbe,Verde hierba,Verde erba,Grasgroen,RAL 6010,#35682D,grün,green,vert
117,53.24,-11.61,14.48,Resedagrün,Reseda green,Vert réséda,Verde reseda,Verde reseda,Resedagroen,RAL 6011,#587246,grün,green,vert
118,31.94,-4.36,-0.46,Schwarzgrün,Black green,Vert noir,Verde negruzco,Verde nerastro,Zwartgroen,RAL 6012,#343E40,grün,green,vert
119,52.3,-2.08,14.26,Schilfgrün,Reed green,Vert jonc,Verde caña,Verde canna,Rietgroen,RAL 6013,#6C7156,grün,green,vert
120,33.84,0.46,6.15,Gelboliv,Yellow olive,Olive jaune,Amarillo oliva,Oliva giallastro,Geel olijfgroen,RAL 6014,#47402E,grün,green,vert
121,31.93,-1.44,2.99,Schwarzoliv,Black olive,Olive noir,Oliva negruzco,Oliva nerastro,Zwart olijfgroen,RAL 6015,#3B3C36,grün,green,vert
122,42.92,-32.22,6.72,Türkisgrün,Turquoise green,Vert turquoise,Verde turquesa,Verde turchese,Turkooisgroen,RAL 6016,#1E5945,grün,green,vert
123,52.33,-23.24,26.15,Maigrün,May green,Vert mai,Verde mayo,Verde maggio,Meigroen,RAL 6017,#4C9141,grün,green,vert
124,59.83,-32.96,37.72,Gelbgrün,Yellow green,Vert jaune,Verde amarillento,Verde giallastro,Geelgroen,RAL 6018,#57A639,grün,green,vert
125,81.42,-12.57,13.5,Weißgrün,Pastel green,Vert blanc,Verde lanquecino,Verde biancastro,Witgroen,RAL 6019,#BDECB6,grün,green,vert
126,34.77,-5.82,6.23,Chromoxidgrün,Chrome green,Vert oxyde chromique,Verde cromo,Verde cromo,Chroom-oxydegroen,RAL 6020,#2E3A23,grün,green,vert
127,63.69,-11.28,14.13,Blassgrün,Pale green,Vert pâle,Verde pálido,Verde pallido,Bleekgroen,RAL 6021,#89AC76,grün,green,vert
128,30.43,0.54,5.62,Braunoliv,Olive drab,Olive brun,Oliva parduzco,Oliva brunastro,Bruin olijfgroen,RAL 6022,#25221B,grün,green,vert
129,51.81,-38.02,15.5,Verkehrsgrün,Traffic green,Vert signalisation,Verde tráfico,Verde traffico,Verkeersgroen,RAL 6024,#308446,grün,green,vert
130,47.45,-13.45,21.37,Farngrün,Fern green,Vert fougère,Verde helecho,Verde felce,Varengroen,RAL 6025,#3D642D,grün,green,vert
131,39.25,-29.43,0.67,Opalgrün,Opal green,Vert opale,Verde opalo,Verde opale,Opaalgroen,RAL 6026,#015D52,grün,green,vert
132,72.8,-19.82,-3.62,Lichtgrün,Light green,Vert clair,Verde luminoso,Verde chiaro,Lichtgroen,RAL 6027,#84C3BE,grün,green,vert
133,38.15,-12.86,3.82,Kieferngrün,Pine green,Vert pin,Verde pino,Verde pino,Pijnboomgroen,RAL 6028,#2C5545,grün,green,vert
134,44.18,-39.06,15.73,Minzgrün,Mint green,Vert menthe,Verde menta,Verde menta,Mintgroen,RAL 6029,#20603D,grün,green,vert
135,50.67,-33.25,14.76,Signalgrün,Signal green,Vert de sécurité,Verde señales,Verde segnale,Signaalgroen,RAL 6032,#317F43,grün,green,vert
136,54.93,-20.4,-2.06,Minttürkis,Mint turquoise,Turquoise menthe,Turquesa menta,Turchese menta,Mintturquoise,RAL 6033,#497E76,türkis,tourquois,tourquoise
137,69.16,-15.95,-5.1,Pastelltürkis,Pastel turquoise,Turquoise pastel,Turquesa pastel,Turchese pastello,Pastelturquoise,RAL 6034,#7FB5B5,türkis,tourquois,tourquoise
138,29.14,-29.19,16.35,Perlgrün,Pearl green,Vert nacré,Verde perlado,Verde perlato,Parelmoer-donkergroen,RAL 6035,#1C542D,grün,green,vert
139,33.97,-29.04,0.68,Perlopalgrün,Pearl opal green,Vert opal nacré,Verde ópalo perlado,Verde opalo perlato,Parelmoer-lichtgroen,RAL 6036,#193737,grün,green,vert
140,53.49,-46.77,34.32,Reingrün,Pure green,Vert pur,Verde puro,Verde puro,Zuivergroen,RAL 6037,#XXXXXX,grün,green,vert
141,63.64,-80.23,54,Leuchtgrün,Luminous green,Vert brillant,Verde brillante,Verde brillante,Briljantgroen,RAL 6038,#XXXXXX,grün,green,vert
142,58.32,-3.14,-4.71,Fehgrau,Squirrel grey,Gris petit-gris,Gris ardilla,Grigio vaio,Pelsgrijs,RAL 7000,#78858B,grau,gray,gris
143,63.81,-2.22,-4.05,Silbergrau,Silver grey,Gris argent,Gris plata,Grigio argento,Zilvergrijs,RAL 7001,#8A9597,grau,gray,gris
144,54.51,-0.09,10.69,Olivgrau,Olive grey,Gris olive,Gris oliva,Grigio olivastro,Olijfgrijs,RAL 7002,#7E7B52,grau,gray,gris
145,52.32,-1.18,6.92,Moosgrau,Moss grey,Gris mousse,Gris musgo,Grigio muschio,Mosgrijs,RAL 7003,#6C7059,grau,gray,gris
146,65.77,0.2,-0.81,Signalgrau,Signal grey,Gris de sécurité,Gris señales,Grigio segnale,Signaalgrijs,RAL 7004,#969992,grau,gray,gris
147,50,-1.55,0.82,Mausgrau,Mouse grey,Gris souris,Gris ratón,Grigio topo,Muisgrijs,RAL 7005,#646B63,grau,gray,gris
148,48.53,2.15,7.57,Beigegrau,Beige grey,Gris beige,Gris beige,Grigio beige,Beigegrijs,RAL 7006,#6D6552,grau,gray,gris
149,45.91,3.34,17.92,Khakigrau,Khaki grey,Gris kaki,Gris caqui,Grigio kaki,Kakigrijs,RAL 7008,#6A5F31,grau,gray,gris
150,43.19,-2.43,3.87,Grüngrau,Green grey,Gris vert,Gris verdoso,Grigio verdastro,Groengrijs,RAL 7009,#4D5645,grau,gray,gris
151,42.69,-2.09,2.04,Zeltgrau,Tarpaulin grey,Gris tente,Gris lona,Grigio tenda,Zeildoekgrijs,RAL 7010,#4C514A,grau,gray,gris
152,41.52,-1.68,-2.72,Eisengrau,Iron grey,Gris fer,Gris hierro,Grigio ferro,IJzergrijs,RAL 7011,#434B4D,grau,gray,gris
153,44.34,-1.77,-1.71,Basaltgrau,Basalt grey,Gris basalte,Gris basalto,Grigio basalto,Bazaltgrijs,RAL 7012,#4E5754,grau,gray,gris
154,39.21,0.59,6.33,Braungrau,Brown grey,Gris brun,Gris parduzco,Grigio brunastro,Bruingrijs,RAL 7013,#464531,grau,gray,gris
155,40.5,-0.25,-3.4,Schiefergrau,Slate grey,Gris ardoise,Gris pizarra,Grigio ardesia,Leigrijs,RAL 7015,#434750,grau,gray,gris
156,33.84,-1.33,-2.83,Anthrazitgrau,Anthracite grey,Gris anthracite,Gris antracita,Grigio antracite,Antracietgrijs,RAL 7016,#293133,grau,gray,gris
157,30.65,-0.43,-1.22,Schwarzgrau,Black grey,Gris noir,Gris negruzco,Grigio nerastro,Zwartgrijs,RAL 7021,#23282B,grau,gray,gris
158,37.75,-0.07,2.23,Umbragrau,Umbra grey,Gris terre d’ombre,Gris sombra,Grigio ombra,Ombergrijs,RAL 7022,#332F2C,grau,gray,gris
159,55.6,-1.45,4.52,Betongrau,Concrete grey,Gris béton,Gris hormigón,Grigio calcestruzzo,Betongrijs,RAL 7023,#686C5E,grau,gray,gris
160,36.97,-0.13,-3.32,Graphitgrau,Graphite grey,Gris graphite,Gris grafita,Grigio grafite,Grafietgrijs,RAL 7024,#474A51,grau,gray,gris
161,34.71,-3.02,-2.48,Granitgrau,Granite grey,Gris granit,Gris granito,Grigio granito,Granietgrijs,RAL 7026,#2F353B,grau,gray,gris
162,61.31,-0.26,4.53,Steingrau,Stone grey,Gris pierre,Gris piedra,Grigio pietra,Steengrijs,RAL 7030,#8B8C7A,grau,gray,gris
163,47.83,-2.96,-4.01,Blaugrau,Blue grey,Gris bleu,Gris azulado,Grigio bluastro,Blauwgrijs,RAL 7031,#474B4E,grau,gray,gris
164,73.39,-0.93,8.09,Kieselgrau,Pebble grey,Gris silex,Gris guijarro,Grigio ghiaia,Kiezelgrijs,RAL 7032,#B8B799,grau,gray,gris
165,56.78,-3.36,6.32,Zementgrau,Cement grey,Gris ciment,Gris cemento,Grigio cemento,Cementgrijs,RAL 7033,#7D8471,grau,gray,gris
166,59.68,-0.1,12.74,Gelbgrau,Yellow grey,Gris jaune,Gris amarillento,Grigio giallastro,Geelgrijs,RAL 7034,#8F8B66,grau,gray,gris
167,81.29,-1.24,0.79,Lichtgrau,Light grey,Gris clair,Gris luminoso,Grigio luce,Lichtgrijs,RAL 7035,#D7D7D7,grau,gray,gris
168,63.49,1.27,0.78,Platingrau,Platinum grey,Gris platine,Gris platino,Grigio platino,Platinagrijs,RAL 7036,#7F7679,grau,gray,gris
169,55.3,-0.46,0.22,Staubgrau,Dusty grey,Gris poussière,Gris polvo,Grigio polvere,Stofgrijs,RAL 7037,#7D7F7D,grau,gray,gris
170,72.97,-1.5,2.97,Achatgrau,Agate grey,Gris agate,Gris ágata,Grigio agata,Agaatgrijs,RAL 7038,#B5B8B1,grau,gray,gris
171,47.86,0.17,4,Quarzgrau,Quartz grey,Gris quartz,Gris cuarzo,Grigio quarzo,Kwartsgrijs,RAL 7039,#6C6960,grau,gray,gris
172,66.63,-1.17,-2.82,Fenstergrau,Window grey,Gris fenêtre,Gris ventana,Grigio finestra,Venstergrijs,RAL 7040,#9DA1AA,grau,gray,gris
173,62.58,-1.51,-0.21,Verkehrsgrau A,Traffic grey A,Gris signalisation A,Gris tráfico A,Grigio traffico A,Verkeesgrijs A,RAL 7042,#8D948D,grau,gray,gris
174,40.23,-1.28,0,Verkehrsgrau B,Traffic grey B,Gris signalisation B,Gris tráfico B,Grigio traffico B,Verkeersgrijs B,RAL 7043,#4E5452,grau,gray,gris
175,74.66,-0.04,5.08,Seidengrau,Silk grey,Gris soie,Gris seda,Grigio seta,Zijdegrijs,RAL 7044,#CAC4B0,grau,gray,gris
176,62.71,-1.24,-2.14,Telegrau 1,Telegrey 1,Telegris 1,Gris tele 1,Tele grigio 1,Telegrijs 1,RAL 7045,#909090,grau,gray,gris
177,57.75,-1.6,-3,Telegrau 2,Telegrey 2,Telegris 2,Gris tele 2,Tele grigio 2,Telegrijs 2,RAL 7046,#82898F,grau,gray,gris
178,81.43,0.01,0.1,Telegrau 4,Telegrey 4,Telegris 4,Gris tele 4,Tele grigio 4,Telegrijs 4,RAL 7047,#D0D0D0,grau,gray,gris
179,54.55,-0.45,7.59,Perlmausgrau,Pearl mouse grey,Gris souris nacré,Gris musgo perlado,Grigio topo perlato,Parelmoer-muisgrijs,RAL 7048,#898176,grau,gray,gris
180,46.88,3.74,34.17,Grünbraun,Green brown,Brun vert,Pardo verdoso,Marrone verdastro,Groenbruin,RAL 8000,#826C34,braun,brown,brun
181,50.62,17.02,31.31,Ockerbraun,Ochre brown,Brun terre de Sienne,Pardo ocre,Marrone ocra,Okerbruin,RAL 8001,#955F20,braun,brown,brun
182,41.88,14.45,13.31,Signalbraun,Signal brown,Brun de sécurité,Marrón señales,Marrone segnale,Signaalbruin,RAL 8002,#6C3B2A,braun,brown,brun
183,42.56,15.59,21.67,Lehmbraun,Clay brown,Brun argile,Pardo arcilla,Marrone fango,Leembruin,RAL 8003,#734222,braun,brown,brun
184,43.78,22.83,20.22,Kupferbraun,Copper brown,Brun cuivré,Pardo cobre,Marrone rame,Koperbruin,RAL 8004,#8E402A,braun,brown,brun
185,38.99,12.62,17.08,Rehbraun,Fawn brown,Brun fauve,Pardo corzo,Marrone capriolo,Reebruin,RAL 8007,#59351F,braun,brown,brun
186,41.1,10.45,19.33,Olivbraun,Olive brown,Brun olive,Pardo oliva,Marrone oliva,Olijfbruin,RAL 8008,#6F4F28,braun,brown,brun
187,33.98,10.04,10.97,Nussbraun,Nut brown,Brun noisette,Pardo nuez,Marrone noce,Notebruin,RAL 8011,#5B3A29,braun,brown,brun
188,34.39,17.06,10.17,Rotbraun,Red brown,Brun rouge,Pardo rojo,Marrone rossiccio,Roodbruin,RAL 8012,#592321,braun,brown,brun
189,31.99,4.77,7.71,Sepiabraun,Sepia brown,Brun sépia,Sepia,Marrone seppia,Sepiabruin,RAL 8014,#382C1E,braun,brown,brun
190,33.52,15.02,9.25,Kastanienbraun,Chestnut brown,brun,Castaño,Marrone castagna,Kastanjebruin,RAL 8015,#633A34,braun,brown,brun
191,31.19,9.63,7.56,Mahagonibraun,Mahogany brown,Brun acajou,Caoba,Marrone mogano,Mahoniebruin,RAL 8016,#4C2F27,braun,brown,brun
192,30.6,5.99,4.34,Schokoladen-braun,Chocolate brown,Brun chocolat,Chocolate,Marrone cioccolata,Chocoladebruin,RAL 8017,#45322E,braun,brown,brun
193,31.46,2.12,1.1,Graubraun,Grey brown,Brun gris,Pardo grisáceo,Marrone grigiastro,Grijsbruin,RAL 8019,#403A3A,braun,brown,brun
194,25.08,1.18,0.67,Schwarzbraun,Black brown,Brun noir,Pardo negruzco,Marrone nerastro,Zwartbruin,RAL 8022,#212121,braun,brown,brun
195,49.37,24.91,30.25,Orangebraun,Orange brown,Brun orangé,Pardo anaranjado,Marrone arancio,Oranjebruin,RAL 8023,#A65E2E,braun,brown,brun
196,42.93,11.88,15.9,Beigebraun,Beige brown,Brun beige,Pardo beige,Marrone beige,Beigebruin,RAL 8024,#79553D,braun,brown,brun
197,44,7.95,11.73,Blassbraun,Pale brown,Brun pâle,Pardo pálido,Marrone pallido,Bleekbruin,RAL 8025,#755C48,braun,brown,brun
198,34.19,5.72,8.58,Terrabraun,Terra brown,Brun terre,Marrón tierra,Marrone terra,Terrabruin,RAL 8028,#4E3B31,braun,brown,brun
199,35.06,25.58,27.32,Perlkupfer,Pearl copper,Cuivre nacré,Cobre perlado,Rame perlato,Parelmoerkoper,RAL 8029,#763C28,braun,brown,brun
200,90.4,0.66,6.64,Cremeweiß,Cream,Blanc crème,Blanco crema,Bianco crema,Crèmewit,RAL 9001,#FDF4E3,weiß,white,blanc
201,86.05,-0.89,4.21,Grauweiß,Grey white,Blanc gris,Blanco grisáceo,Bianco grigiastro,Grijswit,RAL 9002,#E7EBDA,weiß,white,blanc
202,94.13,-0.55,0.81,Signalweiß,Signal white,Blanc de sécurité,Blanco señales,Bianco segnale,Signaalwit,RAL 9003,#F4F4F4,weiß,white,blanc
203,28.66,0.24,-0.66,Signalschwarz,Signal black,Noir de sécurité,Negro señales,Nero segnale,Signaalzwart,RAL 9004,#282828,schwarz,black,noir
204,25.33,0.13,-0.16,Tiefschwarz,Jet black,Noir foncé,Negro intenso,Nero intenso,Gitzwart,RAL 9005,#0A0A0A,schwarz,black,noir
205,67.77,-0.58,0.76,Weißaluminium,White aluminium,Aluminium blanc,Aluminio blanco,Aluminio brillante,Blank aluminiumkleurig,RAL 9006,#A5A5A5,weiß,white,blanc
206,59.39,0.01,2.34,Graualuminium,Grey aluminium,Aluminium gris,Aluminio gris,Aluminio grigiastro,Grijs aluminiumkleurig,RAL 9007,#8F8F8F,weiß,white,blanc
207,94.57,-0.47,4.14,Reinweiß,Pure white,Blanc pur,Blanco puro,Bianco puro,Zuiverwit,RAL 9010,#FFFFFF,weiß,white,blanc
208,26.54,-0.05,-1.13,Graphitschwarz,Graphite black,Noir graphite,Negro grafito,Nero grafite,Grafietzwart,RAL 9011,#1C1C1C,schwarz,black,noir
209,95.26,-0.76,2.11,Verkehrsweiß,Traffic white,Blanc signalisation,Blanco tráfico,Bianco traffico,Verkeerswit,RAL 9016,#F6F6F6,weiß,white,blanc
210,27.25,0.44,0.51,Verkehrs-schwarz,Traffic black,Noir signalisation,Negro tráfico,Nero traffico,Verkeerszwart,RAL 9017,#1E1E1E,schwarz,black,noir
211,82.71,-2.06,1.93,Papyrusweiß,Papyrus white,Blanc papyrus,Blanco papiro,Bianco papiro,Papyruswit,RAL 9018,#D7D7D7,weiß,white,blanc
212,65.38,-0.43,0.34,Perlhellgrau,Pearl light grey,Gris clair nacré,Gris claro perlado,Grigio chiaro perlato,Parelmoer-lichtgrijs,RAL 9022,#9C9C9C,grau,gray,gris
213,57.32,-0.31,-0.98,Perldunkelgrau,Pearl dark grey,Gris fonçé nacré,Gris oscuro perlado,Grigio scuro perlato,donkergrijs,RAL 9023,#828282,grau,gray,gris
